{
    "AppExInfoDescription" : "set App other information",
    "AppExInfo" : {
        "#enableHttpServer" : true,
        "#onlyBuildInServer": false,
        "enableNativeRate":true,

        "BuyURL": "https://gmagon.com/products/store/xls2csv/buy.html",
        "FAQURL": "https://gmagon.com/products/store/xls2csv/faq.html",

        "HomePageURL": "https://gmagon.com/products/store/xls2csv/index.html",
        "DocumentPageURL": "https://gmagon.com/products/store/xls2csv/docs.html",
        "RoadmapPageURL": "https://gmagon.com/products/store/xls2csv/roadmap.html",
        "ReportIssuePageURL": "https://github.com/Gmagon/support/issues/new",
        "ViewLicensePageURL": "https://gmagon.com/end-user-license-agreement.html",
        "ReleaseNotesPageURL": "https://gmagon.com/products/store/xls2csv/changelog.html",
        "CheckForUpdatePageURL": "https://gmagon.com/products/store/xls2csv/download.html",

        "autoOffset": true,
        "minSize" : [800, 600],
        "size" : [1152, 700],
        "#maxSize" : [1152, 700],
        "hasTitleBar" : true,
        "hasShadow" : true,
        "hasTextured" : true,
        "hasUnifiedTitleAndToolbarWindow" : true,
        "hasCloseControls" : true,
        "hasMinimizeControls" : true,
        "hasResizeControls" : true,
        "hasToolbarButtonControls" : true,
        "hideCloseButton" : false,
        "hideMiniaturizeButton": false,
        "hideZoomButton" : false,
        "hideToolbarButton" : false,
        "hideDocumentIconButton" : false,
        "hideDocumentVersionsButton" : false,
        "hideFullScreenButton" : true,
        "menuHideList" : [
            {"tag":100,"hide":true},
            {"tag":200,"hide":false}
        ],
        "menuTitleList" : [
            {"tag":901,"title":"","method":"re", "descript":"About"},
            {"tag":907,"title":"","method":"re", "descript":"Hide"},
            {"tag":911,"title":"","method":"re", "descript":"Quit"}
        ]
    },
    "EnableIAP" : false
}